INSERT INTO department (name) 
VALUES 
('Design'), 
('Content Creation'), 
('Management'), 
('Audio'), 
('Marketing'), 
('IT'), 
('Human Resources'),
('Finance');

INSERT INTO role (title, salary) 
VALUES
('Graphic Designer', 70000),
('Motion Graphics Designer', 80000),
('Creative Director', 95000),
('3D Animator', 80000),
('Video Editor', 80000),
('Project Manager', 100000),
('Sound Engineer', 75000),
('Audio Director', 95000),
('Storyboard Artist', 70000),
('Production Assistant', 60000),
('Marketing Specialist', 70000),
('Marketing Director', 95000),
('UI/UX Designer', 80000),,
('Copywriter', 70000 )
('IT Support Specialist' 70000),
('IT Manager' 90000),
('Content Strategist' 70000),
('HR Specialist' 70000),
('HR Manager' 90000),
('Finance Analyst', 80000),
('Finance Director' 95000);

INSERT INTO employees (first_name, last_name) 
VALUES
('Alex', 'Johnson', 'Graphic Designer', 'Design', 55000, 'Jamie Smith'),
('Samantha', 'Lee', 'Motion Graphics Artist', 'Content Creation', 60000, 'Jamie Smith'),
('Jamie', 'Smith', 'Creative Director', 'Management', 90000, NULL),
('Chris', 'Doe', '3D Animator', 'Design', 65000, 'Alex Johnson'),
('Jessica', 'Wallace', 'Video Editor', 'Content Creation', 58000, 'Samantha Lee'),
('Michael', 'Brown', 'Project Manager', 'Management', 75000, NULL),
('Emily', 'Davis', 'Sound Engineer', 'Audio', 62000, 'Patrick Green'),
('Patrick', 'Green', 'Audio Director', 'Audio', 87000, NULL),
('Olivia', 'Martinez', 'Storyboard Artist', 'Design', 53000, 'Alex Johnson'),
('Ethan', 'Taylor', 'Production Assistant', 'Content Creation', 48000, 'Jessica Wallace'),
('Sophia', 'Anderson', 'Marketing Specialist', 'Marketing', 68000, 'Isabella Wilson'),
('Isabella', 'Wilson', 'Marketing Director', 'Marketing', 89000, NULL),
('James', 'Thomas', 'UI/UX Designer', 'Design', 71000, 'Alex Johnson'),
('Ava', 'Harris', 'Copywriter', 'Marketing', 56000, 'Sophia Anderson'),
('Mason', 'Clark', 'IT Support Specialist', 'IT', 50000, 'Ella Roberts'),
('Ella', 'Roberts', 'IT Manager', 'IT', 82000, NULL),
('Liam', 'Rodriguez', 'Content Strategist', 'Content Creation', 64000, 'Samantha Lee'),
('Emma', 'Lewis', 'HR Specialist', 'Human Resources', 57000, 'Noah White'),
('Noah', 'White', 'HR Manager', 'Human Resources', 77000, NULL),
('Charlotte', 'Walker', 'Finance Analyst', 'Finance', 69000, 'Lucas King'),
('Lucas', 'King', 'Finance Director', 'Finance', 92000, NULL);
